,HiddenNodes,lit_HamminLosss,lit_accuracy,lit_precision,lit_recall,lit_f1,sklearn_hamLoss,sklearn_accuracy,sklearn_macro_precision,sklearn_micro_precision-,sklearn_macro_recall,sklearn_micro_precision,sklearn_macro_f1,sklearn_micro_f1,term_wise_accuracy,activation,type,start,phase,end
0,50,0.040752895495006075,0.07442027059781058,0.16423402536270065,0.0822539101260439,0.10961096927552347,0.07442027059781058,0.025292443882390134,0.05729102025975336,0.07442027059781058,0.008273497103546383,0.5841760856632957,0.011012448680238561,0.12515931684934997,0.959247104504994,_bipolar_sigmoid,type1_BERT_Embeddings_Train,1603016131.3887482,train,1603016141.7192724
1,50,0.042244023819247245,0.07251667512937399,0.16205888963812093,0.08174585532955894,0.10867419786258035,0.07251667512937399,0.024275118004045852,0.028466079078010343,0.07251667512937399,0.00821992892590464,0.5566546762589928,0.01078866183558055,0.1221630155910795,0.9577559761807528,_bipolar_sigmoid,type1_BERT_Embeddings_Test,1603016141.7202702,test,1603016144.4399993
2,100,0.04041595976957752,0.08692481695622953,0.1875065865739277,0.09607508695063499,0.1270513103685913,0.08692481695622953,0.031826325218674255,0.05158405924744115,0.08692481695622953,0.009843860822348954,0.6050331125827815,0.01286968830334237,0.1436613516998459,0.9595840402304224,_bipolar_sigmoid,type1_BERT_Embeddings_Train,1603016144.4729092,train,1603016157.0273395
3,100,0.040166597646793395,0.09695464664396043,0.19901991779955738,0.10656653187234895,0.13880761032558708,0.09695464664396043,0.03878174728633154,0.09262166311663128,0.09695464664396043,0.010989163215933895,0.6224203821656051,0.014725472599601906,0.15294080821360378,0.9598334023532066,_relu_leaky,type1_BERT_Embeddings_Train,1603016157.0273395,train,1603016177.1874347
4,100,0.04056884249961779,0.07697353623649007,0.16517810095900518,0.08452493584448158,0.11182618013140845,0.07697353623649007,0.028980925281905365,0.12540648716466976,0.07697353623649007,0.008985955153810917,0.6056985294117647,0.012674639645739288,0.12638240746659846,0.9594311575003822,_biploar_step,type1_BERT_Embeddings_Train,1603016177.1874347,train,1603016185.2439268
5,100,0.040129490188045756,0.09458718086167449,0.20031615554852988,0.10360216852035492,0.1365708248626996,0.09458718086167449,0.0365686584466224,0.08613243086497832,0.09458718086167449,0.010754165545969804,0.6287206266318538,0.014307287930941484,0.15119929674745697,0.9598705098119542,_bipolar_sigmoid,type2_BERT_Embeddings_Train,1603016185.2439268,train,1603016196.9077046
6,100,0.04016214475174368,0.09682182121443497,0.20194728398964884,0.1068047215941105,0.13971681513401485,0.09682182121443497,0.03741173990936874,0.1764832898073357,0.09682182121443497,0.01110140745555517,0.6225216065073716,0.014819191627029406,0.15327325071973966,0.9598378552482563,_relu_leaky,type2_BERT_Embeddings_Train,1603016196.9077046,train,1603016216.6120203
7,100,0.04056587390291798,0.08011992206841671,0.17169880914743385,0.08701888398634795,0.11550071100911292,0.08011992206841671,0.03172094003583096,0.15696995571972305,0.08011992206841671,0.009176749922866254,0.6021854695806261,0.01279426145314042,0.12983953132959755,0.959434126097082,_biploar_step,type2_BERT_Embeddings_Train,1603016216.6120203,train,1603016224.6634912
8,200,0.04001074632005332,0.10353861737651757,0.21391435697474268,0.11193812819461832,0.14696940366290376,0.10353861737651757,0.04268099905153335,0.14536890314068576,0.10353861737651757,0.012270063410489621,0.6295576081672338,0.01669650248253413,0.1611899427433408,0.9599892536799467,_bipolar_sigmoid,type1_BERT_Embeddings_Train,1603016224.6634912,train,1603016240.2847216
9,200,0.039762868495619094,0.11337799692808544,0.2330417676608002,0.12261735389902631,0.16068737263476776,0.11337799692808544,0.04837179892507114,0.10002154984290754,0.11337799692808544,0.012914945134474482,0.6419525673497583,0.017224543442073456,0.1722848756372625,0.960237131504381,_relu_leaky,type1_BERT_Embeddings_Train,1603016240.285722,train,1603016272.2682035
10,200,0.04009980422104765,0.09939882272331033,0.208642588661558,0.10912029789688796,0.1432964162385875,0.09939882272331033,0.03909790283486142,0.1099864536510821,0.09939882272331033,0.011629123920681944,0.621968962172648,0.015437522424617645,0.1595843961923723,0.9599001957789524,_biploar_step,type1_BERT_Embeddings_Train,1603016272.2682035,train,1603016280.8552427
11,200,0.03967084199792495,0.11866507731948263,0.2414374538939825,0.1277259854398278,0.16706874752462836,0.11866507731948263,0.051744124776056485,0.11165133102153148,0.11866507731948263,0.01350624650769389,0.6443701226309922,0.017957951279247247,0.1778078567693112,0.9603291580020751,_bipolar_sigmoid,type2_BERT_Embeddings_Train,1603016280.8552427,train,1603016296.7158334
12,200,0.039543192339833076,0.1251375590700563,0.25216742192714375,0.13528350994474556,0.17609504133700954,0.1251375590700563,0.05364105806723575,0.21362178785128003,0.1251375590700563,0.015149345815738709,0.6453990313750263,0.020456648895742655,0.18705562845198498,0.960456807660167,_relu_leaky,type2_BERT_Embeddings_Train,1603016296.7158334,train,1603016328.4479866
13,200,0.04000035623160398,0.10376956590406808,0.21821758527417714,0.11253130217133694,0.14848914061204935,0.10376956590406808,0.041732532405943726,0.1699383110912099,0.10376956590406808,0.012314823005456258,0.6330275229357798,0.01697295145096906,0.15928872250818907,0.959999643768396,_biploar_step,type2_BERT_Embeddings_Train,1603016328.4479866,train,1603016336.9263148
14,300,0.03969459077152344,0.11688021109263097,0.23872002167923762,0.12746552161471006,0.16619209928117246,0.11688021109263097,0.048898724839287595,0.18361809335482965,0.11688021109263097,0.013933272516097436,0.6403951701427003,0.01864514658367602,0.17908340240046658,0.9603054092284765,_bipolar_sigmoid,type1_BERT_Embeddings_Train,1603016336.9263148,train,1603016358.192454
15,300,0.039503116284385624,0.12240423762283303,0.2523448203182632,0.13285884197563524,0.1740702069465514,0.12240423762283303,0.0515333544103699,0.268762025309372,0.12240423762283303,0.015006903212837689,0.6505560307955518,0.020402084204650728,0.18606642608110588,0.9604968837156144,_relu_leaky,type1_BERT_Embeddings_Train,1603016358.1934512,train,1603016404.0009694
16,300,0.03982075613126541,0.11144558601493622,0.2306881652439667,0.1222290792280846,0.15979271326776595,0.11144558601493622,0.04510485825692907,0.11524445741993894,0.11144558601493622,0.01292259837306665,0.6362391602008215,0.017204306031482687,0.17207752129366743,0.9601792438687345,_biploar_step,type1_BERT_Embeddings_Train,1603016404.0009694,train,1603016413.0567548
17,300,0.03948678900253667,0.1299423318754096,0.2596954368215829,0.14056097255253888,0.182398294254314,0.1299423318754096,0.057434924649594266,0.23329657599983472,0.1299423318754096,0.015278716143940925,0.6460176991150443,0.020347398517242696,0.19093093275751954,0.9605132109974633,_bipolar_sigmoid,type2_BERT_Embeddings_Train,1603016413.0567548,train,1603016432.8358674
18,300,0.03920625661440452,0.1364982660020135,0.2715951803843047,0.1473692011932143,0.19106523867474082,0.1364982660020135,0.060280324586363156,0.15394478532514733,0.1364982660020135,0.016180743112255196,0.6613162118780096,0.021665384637349024,0.1997212628007029,0.9607937433855955,_relu_leaky,type2_BERT_Embeddings_Train,1603016432.8358674,train,1603016476.4831624
19,300,0.039642640329276745,0.11779840559492406,0.2413847613025608,0.12847383717614128,0.1676945008062193,0.11779840559492406,0.04805564337654126,0.12403659168686998,0.11779840559492406,0.013721200552763858,0.6438896189224704,0.01818504832996811,0.18043451577267705,0.9603573596707232,_biploar_step,type2_BERT_Embeddings_Train,1603016476.4831624,train,1603016485.6107557
20,400,0.03936656083619432,0.12927888822719324,0.259985246074402,0.13976409423089425,0.18179693506552877,0.12927888822719324,0.057434924649594266,0.21945211661554845,0.12927888822719324,0.015644941173118123,0.6554726368159204,0.021299787882871846,0.19253485964805456,0.9606334391638057,_bipolar_sigmoid,type1_BERT_Embeddings_Train,1603016485.6107557,train,1603016509.4310982
21,400,0.03918399213915594,0.13646115378804566,0.2704148663364598,0.1472228533301753,0.19064967712556966,0.13646115378804566,0.06006955422067657,0.27636148669338184,0.13646115378804566,0.016987797523009867,0.6625275385539756,0.023283814257303092,0.20039376041193396,0.9608160078608441,_relu_leaky,type1_BERT_Embeddings_Train,1603016509.4310982,train,1603016565.377471
22,400,0.039612954362278636,0.11951388821314485,0.2437032353251133,0.12913466052756234,0.16881617943478855,0.11951388821314485,0.05005796185056381,0.20640870485865812,0.11951388821314485,0.014302385887285881,0.6465289982425307,0.019496024278327178,0.18069626082151408,0.9603870456377214,_biploar_step,type1_BERT_Embeddings_Train,1603016565.377471,train,1603016574.8720827
23,400,0.03919141363090547,0.13561646890776002,0.27238556925562935,0.1457767144537154,0.18991417876553582,0.13561646890776002,0.06080725050057962,0.1998565980303072,0.13561646890776002,0.016691615739313534,0.6642306130734876,0.0229194580888545,0.1986160009712274,0.9608085863690945,_bipolar_sigmoid,type2_BERT_Embeddings_Train,1603016574.8720827,train,1603016598.6136017
24,400,0.03897767466851907,0.14605421418299583,0.2884480275406611,0.15735584741001635,0.20362758763561747,0.14605421418299583,0.06586573927705765,0.3221037056857689,0.14605421418299583,0.020131118847623832,0.6667928814842863,0.02856339506771397,0.2115061253903435,0.9610223253314809,_relu_leaky,type2_BERT_Embeddings_Train,1603016598.6136017,train,1603016655.349898
25,400,0.03935023355434536,0.1316870708328296,0.26593950890504797,0.14129106833434613,0.1845385853892639,0.1316870708328296,0.05943724312361682,0.29857843107311083,0.1316870708328296,0.015739549914921852,0.6587518386215592,0.02152591307218399,0.19126933284524572,0.9606497664456547,_biploar_step,type2_BERT_Embeddings_Train,1603016655.3508954,train,1603016665.8937042
26,500,0.039215162404503956,0.13573977219895256,0.270997997681526,0.14638975246684957,0.19009340731973018,0.13573977219895256,0.0596480134893034,0.21936474320151644,0.13573977219895256,0.016669631797560765,0.659944089456869,0.022773203446549966,0.20012110202845895,0.960784837595496,_bipolar_sigmoid,type1_BERT_Embeddings_Train,1603016665.8947022,train,1603016693.760192
27,500,0.03887080518732587,0.1487392951657948,0.2939807496399339,0.16013608036909266,0.20733398033440342,0.1487392951657948,0.06734113183686374,0.29103502714960416,0.1487392951657948,0.01999276592721357,0.6714018691588785,0.02814437491284853,0.21527028646769747,0.9611291948126741,_relu_leaky,type1_BERT_Embeddings_Train,1603016693.760192,train,1603016762.461496
28,500,0.03926859714510055,0.13107008774207274,0.2638142410510415,0.14203961317571442,0.18465796177063518,0.13107008774207274,0.057751080198124145,0.17814267405842393,0.13107008774207274,0.015843530950400423,0.6606483381206402,0.021471513040527693,0.1957684824902724,0.9607314028548994,_biploar_step,type1_BERT_Embeddings_Train,1603016762.4624946,train,1603016772.7420065
29,500,0.0389850961602686,0.1462025187282842,0.28885727333403594,0.15758371861815976,0.20392035723616403,0.1462025187282842,0.06734113183686374,0.2751382601943,0.1462025187282842,0.018665808939831052,0.6655984919886899,0.025817631776397423,0.21190026104959941,0.9610149038397314,_bipolar_sigmoid,type2_BERT_Embeddings_Train,1603016772.7420065,train,1603016800.6982565
30,500,0.038766904302832486,0.15604218301588102,0.3037552253486493,0.16789219176756548,0.21625531570363488,0.15604218301588102,0.07218885024765517,0.29040624064636783,0.15604218301588102,0.020235339987041363,0.6707929673484033,0.0280251058926645,0.22258602214549353,0.9612330956971675,_relu_leaky,type2_BERT_Embeddings_Train,1603016800.6982565,train,1603016869.8014853
31,500,0.039145400382058396,0.13981265474321244,0.27747918642638847,0.1506488937726226,0.19527769568691467,0.13981265474321244,0.062388028243229005,0.2131367558187687,0.13981265474321244,0.01734722757798397,0.6604397742751508,0.023744200598830808,0.20469829016012786,0.9608545996179416,_biploar_step,type2_BERT_Embeddings_Train,1603016869.8014853,train,1603016879.860586
32,1000,0.03762547887175514,0.18153502575438488,0.35059981733234974,0.19683069918716084,0.2521189634044005,0.18153502575438488,0.07946042786384235,0.46102299109628236,0.18153502575438488,0.02861365653672815,0.7098445595854922,0.042032085754500355,0.26291762379692357,0.9623745211282448,_bipolar_sigmoid,type1_BERT_Embeddings_Train,1603016879.860586,train,1603016928.7530541
33,1000,0.03730338612982564,0.19400256833704518,0.36656830716267963,0.20883623457463055,0.26608321425867115,0.19400256833704518,0.08978817578248498,0.543066042827532,0.19400256833704518,0.033698328414532346,0.7174240144447788,0.05072142584514663,0.27506634360216914,0.9626966138701744,_relu_leaky,type1_BERT_Embeddings_Train,1603016928.754051,train,1603017058.2877278
34,1000,0.037818437657242854,0.18005213979128346,0.34914286717954124,0.19381772193340696,0.24926330383054687,0.18005213979128346,0.08135736115502161,0.4140332527128712,0.18005213979128346,0.027362146246424714,0.7026294820717132,0.03976909796273057,0.2571070356007814,0.9621815623427571,_biploar_step,type1_BERT_Embeddings_Train,1603017058.2886927,train,1603017071.2111406
35,1000,0.037396896925869685,0.19822657788556272,0.3712807812554888,0.21230797687500177,0.27014184362782884,0.19822657788556272,0.09495204974180631,0.6012932434719291,0.19822657788556272,0.03463454951019166,0.7091285693149875,0.05229407262740741,0.27561024697392256,0.9626031030741303,_bipolar_sigmoid,type2_BERT_Embeddings_Train,1603017071.2111406,train,1603017122.7254336
36,1000,0.03719057945523282,0.20080037223733238,0.3811571293076193,0.21690846321896118,0.27647872807326596,0.20080037223733238,0.09168510907366424,0.550438642532409,0.20080037223733238,0.03517208619626947,0.7156150043617331,0.05267351319938785,0.28206303724928367,0.9628094205447671,_relu_leaky,type2_BERT_Embeddings_Train,1603017122.7254336,train,1603017249.4555717
37,1000,0.037692272297500884,0.18391742569552308,0.3457503425018442,0.19813601395378871,0.25191142919232584,0.18391742569552308,0.0853619981030667,0.4964226248022798,0.18391742569552308,0.030427399564757627,0.7068639798488665,0.04573195868986566,0.26124396346075524,0.9623077277024991,_biploar_step,type2_BERT_Embeddings_Train,1603017249.4555717,train,1603017262.2902226
38,2000,0.03384200237784596,0.2807115632452158,0.4889515763448738,0.30258849604532306,0.3738310346775507,0.2807115632452158,0.13489303403941405,0.8454792912544427,0.2807115632452158,0.07614799768745233,0.7817220543806647,0.1192204059839724,0.3885760257441674,0.966157997622154,_bipolar_sigmoid,type1_BERT_Embeddings_Train,1603017262.2902226,train,1603017356.1003852
39,2000,0.03327648470653195,0.2911321747587649,0.4987559530082453,0.31496600404232494,0.38610527379824877,0.2911321747587649,0.13636842659922016,0.9031808743127001,0.2911321747587649,0.08823311915043514,0.7914889189470399,0.1391871760889009,0.404272845640794,0.966723515293468,_relu_leaky,type1_BERT_Embeddings_Train,1603017356.1003852,train,1603017608.1016054
40,2000,0.03412698766102782,0.26630010295122186,0.46724816705056976,0.28808442840108023,0.35641761506592423,0.26630010295122186,0.12256296764674887,0.8171834420675091,0.26630010295122186,0.07231813208712182,0.7779005524861878,0.11378023776044234,0.37980146741476045,0.9658730123389722,_biploar_step,type1_BERT_Embeddings_Train,1603017608.1016054,train,1603017630.422889
41,2000,0.03362677911710966,0.2880722220758162,0.496735568502878,0.31135435206044415,0.38278111665784775,0.2880722220758162,0.13605227105069026,0.8287398035711827,0.2880722220758162,0.0788133399119152,0.7826819761929843,0.12326952465318473,0.39610822337731577,0.9663732208828903,_bipolar_sigmoid,type2_BERT_Embeddings_Train,1603017630.422889,train,1603017724.2480137
42,2000,0.03304048126889697,0.30241572884563117,0.5111504534367229,0.3256351458198134,0.39782843440091825,0.30241572884563117,0.1492254189061018,0.8603447512975408,0.30241572884563117,0.09196215895023038,0.7921314135063882,0.1455300353494305,0.4124168514412417,0.966959518731103,_relu_leaky,type2_BERT_Embeddings_Train,1603017724.2480137,train,1603017975.3635635
43,2000,0.03411362897587867,0.28018209946357736,0.49068620809057073,0.3030604430370907,0.3746978444692706,0.28018209946357736,0.13236378965117504,0.8237574411195022,0.28018209946357736,0.07165124236164797,0.7733535857654334,0.11168147168341744,0.3828244582292758,0.9658863710241213,_biploar_step,type2_BERT_Embeddings_Train,1603017975.3635635,train,1603017997.9133003
44,3000,0.02842876629574051,0.3966031853803904,0.6096894148111349,0.42660181829160604,0.5019720415328243,0.3966031853803904,0.20044261776794184,0.964411512057566,0.3966031853803904,0.17756605438809903,0.8450704225352113,0.2738468552945575,0.5314021481173391,0.9715712337042595,_bipolar_sigmoid,type1_BERT_Embeddings_Train,1603017997.9133003,train,1603018145.340071
45,3000,0.027787549408581323,0.4113311903998586,0.6203570679621905,0.4407976596528765,0.5153856201940203,0.4113311903998586,0.217093476657182,0.9654594604406148,0.4113311903998586,0.20128842107497635,0.8526044430965198,0.3086818607787375,0.5457280823081215,0.9722124505914187,_relu_leaky,type1_BERT_Embeddings_Train,1603018145.340071,train,1603018530.035452
46,3000,0.02886663430896264,0.3865233632050053,0.6060980703097275,0.4152424561401227,0.4928378828793255,0.3865233632050053,0.1927494994203815,0.9514177525018123,0.3865233632050053,0.1626203460266763,0.8446695610226724,0.25212556460474966,0.519327731092437,0.9711333656910374,_biploar_step,type1_BERT_Embeddings_Train,1603018530.035452,train,1603018568.1954172
47,3000,0.028247681897052034,0.40383759441000866,0.6218108854529985,0.43400097961815487,0.5112019335104683,0.40383759441000866,0.2089788175782485,0.9653632178046063,0.40383759441000866,0.1814273369043654,0.8516780098568412,0.2799480501810969,0.533611077073888,0.9717523181029479,_bipolar_sigmoid,type2_BERT_Embeddings_Train,1603018568.1954172,train,1603018713.6185772
48,3000,0.02777567502178208,0.4188185657430958,0.6336673039961064,0.44882672750908154,0.5254658485028547,0.4188185657430958,0.2226788913478765,0.9645909133198297,0.4188185657430958,0.19998736175238702,0.8514687004455184,0.307164007379997,0.5465164182721435,0.9722243249782179,_relu_leaky,type2_BERT_Embeddings_Train,1603018713.6185772,train,1603019091.9978852
49,3000,0.028911163259459804,0.3919057141074797,0.6124444073859188,0.42116180310673834,0.4991034076591857,0.3919057141074797,0.19875645484244917,0.9615305411293688,0.3919057141074797,0.1622579523344082,0.8402899474271148,0.2517485640627783,0.5199625394321766,0.9710888367405403,_biploar_step,type2_BERT_Embeddings_Train,1603019091.9988394,train,1603019130.7073712
50,4000,0.020795019882176396,0.5562656648105485,0.7387429349727813,0.5935817821837603,0.6582544664526901,0.5562656648105485,0.3242702076088102,0.9846433565972663,0.5562656648105485,0.39006935279142346,0.9008467788076439,0.5414579493091195,0.6920879120879122,0.9792049801178236,_bipolar_sigmoid,type1_BERT_Embeddings_Train,1603019130.7083368,train,1603019337.1593184
51,4000,0.02051448749404425,0.5607682860927483,0.7382310522406969,0.5951637287236267,0.6590221470544294,0.5607682860927483,0.3392349035725577,0.9847479610766651,0.5607682860927483,0.4019424405407356,0.9036439088170087,0.552492110166653,0.6969942779470766,0.9794855125059557,_relu_leaky,type1_BERT_Embeddings_Train,1603019337.1603136,train,1603019911.239754
52,4000,0.021272963950845977,0.5458793669485387,0.7354799279712356,0.5805477181370575,0.6488939577857058,0.5458793669485387,0.3110970597533987,0.9701811842523991,0.5458793669485387,0.36376688633872456,0.8986140228278593,0.509468152526521,0.6828782581758641,0.978727036049154,_biploar_step,type1_BERT_Embeddings_Train,1603019911.239754,train,1603019963.7433357
53,4000,0.020646590047185845,0.5631916498722906,0.7493529156037778,0.5977786336222461,0.6650384845456773,0.5631916498722906,0.33449257034460955,0.9841264576902027,0.5631916498722906,0.3873495303965133,0.9038923869490555,0.5384869928411905,0.6942319528708344,0.9793534099528142,_bipolar_sigmoid,type2_BERT_Embeddings_Train,1603019963.7433357,train,1603020154.1163049
54,4000,0.020376447747503038,0.5696225557222505,0.7484082617421238,0.6028274383620043,0.667775481716769,0.5696225557222505,0.35082727368531985,0.9845790367665999,0.5696225557222505,0.41304717212404535,0.9061718572402819,0.5669784690319218,0.6990661580954887,0.979623552252497,_relu_leaky,type2_BERT_Embeddings_Train,1603020154.1163049,train,1603020685.786634
55,4000,0.021356084658440685,0.5428502914937378,0.7321095095443735,0.5783674647363309,0.6462201614445757,0.5428502914937378,0.31257245231320474,0.9845290627901548,0.5428502914937378,0.3640313660959715,0.9009528290789319,0.5127025719064616,0.6804371002132196,0.9786439153415594,_biploar_step,type2_BERT_Embeddings_Train,1603020685.786634,train,1603020741.1017272
56,5000,0.012043596811133424,0.7337535046428835,0.854593374740389,0.7660041078532047,0.8078773941418425,0.7337535046428835,0.5191274106860575,0.9891970834259075,0.7337535046428835,0.7052649618374472,0.9428723972237053,0.8202513834167293,0.8393203691235297,0.9879564031888666,_bipolar_sigmoid,type1_BERT_Embeddings_Train,1603020741.1017272,train,1603021001.9986467
57,5000,0.012408734205210183,0.726864627984158,0.8479087029000103,0.7575674399419683,0.8001962884648107,0.726864627984158,0.52144588470861,0.9894643877185695,0.726864627984158,0.6802438555654657,0.9430773391022174,0.8019326232521233,0.8334993029277037,0.9875912657947898,_relu_leaky,type1_BERT_Embeddings_Train,1603021001.9986467,train,1603021672.5597496
58,5000,0.0124131871002599,0.7231365147589698,0.8468191535379259,0.7557491789788208,0.7986965261253716,0.7231365147589698,0.5032142480767204,0.9892171271212414,0.7231365147589698,0.6986923658492833,0.9413983564596524,0.8157531095595956,0.8337078204847787,0.9875868128997402,_biploar_step,type1_BERT_Embeddings_Train,1603021672.5607452,train,1603021756.324411
59,5000,0.012278115950418498,0.7351777750269316,0.8576322830867588,0.7681165135121213,0.810409972977612,0.7351777750269316,0.5209189587943935,0.9896316637691187,0.7351777750269316,0.6943949497940418,0.9435809900278501,0.8127963561626403,0.8354943918542678,0.9877218840495815,_bipolar_sigmoid,type2_BERT_Embeddings_Train,1603021756.324411,train,1603022013.2749598
60,5000,0.012534899564952153,0.727541406461839,0.8502779557162986,0.7590687264174008,0.8020887135277203,0.727541406461839,0.5242912846453789,0.9891198954350748,0.727541406461839,0.6741667218621091,0.9417392481610181,0.7973954415616094,0.8317092126502063,0.9874651004350479,_relu_leaky,type2_BERT_Embeddings_Train,1603022013.2749598,train,1603022678.3574147
61,5000,0.01283472783163307,0.720200328462681,0.8462359585369076,0.7551123909903074,0.7980815144705266,0.720200328462681,0.49604805564337656,0.9881546621769566,0.720200328462681,0.6664370481443156,0.9384476125820321,0.7909484714389337,0.8274637348604266,0.9871652721683669,_biploar_step,type2_BERT_Embeddings_Train,1603022678.3584123,train,1603022759.911651
62,10000,0.0018984175895291656,0.9608931966266773,0.9724859360964324,0.9716540660660166,0.9720698231085099,0.9608931966266773,0.9396142902307936,0.9827590037090618,0.9608931966266773,0.9682965265936602,0.9811449749919039,0.9752626170858443,0.9770841918549442,0.9981015824104709,_bipolar_sigmoid,type1_BERT_Embeddings_Train,1603022759.912648,train,1603023464.1417487
63,10000,0.0018984175895291656,0.9589089105529199,0.9728422383812837,0.9648823533347725,0.9688459468448029,0.9589089105529199,0.9414058383391295,0.9920994839258407,0.9589089105529199,0.9589676069591677,0.9861833254554049,0.9747562959653296,0.9769653309320127,0.9981015824104709,_relu_leaky,type1_BERT_Embeddings_Train,1603023464.1417487,train,1603024971.5313923
64,10000,0.0018984175895291656,0.9622862015211062,0.9720655244920184,0.9748714658136102,0.973466473180162,0.9622862015211062,0.9397196754136369,0.9759112864828884,0.9622862015211062,0.9755554837699586,0.977093516965783,0.9755259971017554,0.9771806811896733,0.9981015824104709,_biploar_step,type1_BERT_Embeddings_Train,1603024971.5323288,train,1603025345.9966576
65,10000,0.0018984175895291656,0.9629046975553456,0.9728281870235707,0.9749286597057705,0.9738772907834924,0.9629046975553456,0.9413004531562862,0.9686327466690517,0.9629046975553456,0.9840719796931708,0.9776729896759905,0.9759690596003946,0.9771668303133089,0.9981015824104709,_bipolar_sigmoid,type2_BERT_Embeddings_Train,1603025346.00065,train,1603026278.3988278
66,10000,0.0018984175895291656,0.9580978932543897,0.9722081708645095,0.9638920975863745,0.9680322743356692,0.9580978932543897,0.9405627568763831,0.9938069767830066,0.9580978932543897,0.9572544653706135,0.9875660893345488,0.9747447759560471,0.9769329269392393,0.9981015824104709,_relu_leaky,type2_BERT_Embeddings_Train,1603026278.3998246,train,1603027741.009946
67,10000,0.0018984175895291656,0.961035739135311,0.9713334738469107,0.971954619132931,0.9716439472196511,0.961035739135311,0.9403519865106966,0.9789884194613678,0.961035739135311,0.9732265607258835,0.9797983422440705,0.9756580441230965,0.9771161725501422,0.9981015824104709,_biploar_step,type2_BERT_Embeddings_Train,1603027741.009946,train,1603028080.8968234
68,15000,0.0018984175895291656,0.9588846134135418,0.9714623654000827,0.9661768688799991,0.9688124082455858,0.9588846134135418,0.9399304457793234,0.9851240703669718,0.9588846134135418,0.9657349903986405,0.9841764130789007,0.9750684770781957,0.9770125271841693,0.9981015824104709,_bipolar_sigmoid,type1_BERT_Embeddings_Train,1603028080.8968234,train,1603029406.2833588
69,15000,0.0018984175895291656,0.9630333594366262,0.9717283546361962,0.9769546252157704,0.9743344816274419,0.9630333594366262,0.9410896827905997,0.9704564397472419,0.9630333594366262,0.9818086636242037,0.9749245249511632,0.9758464356717498,0.9772326752941596,0.9981015824104709,_relu_leaky,type1_BERT_Embeddings_Train,1603029406.2833588,train,1603031866.6891253
70,15000,0.0018984175895291656,0.9607457512452776,0.9714304114873197,0.9715008393557238,0.9714656241450781,0.9607457512452776,0.9399304457793234,0.9735885943584955,0.9607457512452776,0.9786708119026747,0.9802808807154916,0.9758046942627988,0.9771047025759448,0.9981015824104709,_biploar_step,type1_BERT_Embeddings_Train,1603031866.6901243,train,1603032352.5530355
71,15000,0.0018984175895291656,0.9604110539356885,0.9714552218662241,0.9701310866976374,0.9707927027609407,0.9604110539356885,0.9404573716935399,0.9803701716792064,0.9604110539356885,0.9709777335442389,0.9809027153389678,0.9754721779842339,0.9770899385601949,0.9981015824104709,_bipolar_sigmoid,type2_BERT_Embeddings_Train,1603032352.5540335,train,1603033302.9452124
72,15000,0.0018984175895291656,0.9590351864853913,0.9717173770129821,0.9664328081258211,0.9690678881049237,0.9590351864853913,0.9409842976077564,0.9874101015457187,0.9590351864853913,0.9634456743449725,0.9847029397904811,0.9749980450575646,0.9770001258789046,0.9981015824104709,_relu_leaky,type2_BERT_Embeddings_Train,1603033302.9462605,train,1603037168.2729478
73,15000,0.0018984175895291656,0.9646276677971269,0.9718207244448153,0.9813040944956851,0.9765393862853903,0.9646276677971269,0.9409842976077564,0.9687988648230144,0.9646276677971269,0.9834504159462544,0.9724077018194666,0.9759020128545206,0.977293305164486,0.9981015824104709,_biploar_step,type2_BERT_Embeddings_Train,1603037168.2739446,train,1603037669.9597173
74,20000,0.0018984175895291656,0.9614003436640174,0.971548884716763,0.9725296526987961,0.9720390213140102,0.9614003436640174,0.9403519865106966,0.9747196643717221,0.9614003436640174,0.9767758545941818,0.9793167724128042,0.9756127304008325,0.9771276310377509,0.9981015824104709,_bipolar_sigmoid,type1_BERT_Embeddings_Train,1603037669.9597173,train,1603038907.7148626
75,20000,0.0018984175895291656,0.9621089552009566,0.9721146380484126,0.9738467697920749,0.9729799330209943,0.9621089552009566,0.9406681420592264,0.9689307660142802,0.9621089552009566,0.9833739909640418,0.977195674672567,0.9758971711529532,0.9771782381385722,0.9981015824104709,_relu_leaky,type1_BERT_Embeddings_Train,1603038907.7148626,train,1603041743.6039326
76,20000,0.0018984175895291656,0.95777232451276,0.9716507585223992,0.9631500064554123,0.9673817080116645,0.95777232451276,0.9418273790705027,0.9911546007071819,0.95777232451276,0.9596397382795171,0.9873173220598418,0.9748876152106428,0.976938749752078,0.9981015824104709,_biploar_step,type1_BERT_Embeddings_Train,1603041743.6039326,train,1603042300.5567894
77,20000,0.0018984175895291656,0.9610537950388527,0.9720105543453632,0.9709272124463398,0.9714685813713373,0.9610537950388527,0.941195067973443,0.9862964230732032,0.9610537950388527,0.964627207207127,0.9811449749919039,0.9751594196104622,0.9770841918549442,0.9981015824104709,_bipolar_sigmoid,type2_BERT_Embeddings_Train,1603042300.5567894,train,1603043471.5770164
78,20000,0.0018984175895291656,0.9614453058322964,0.9722599510301063,0.9721406627587471,0.9722003032352806,0.9614453058322964,0.9409842976077564,0.9794639983770735,0.9614453058322964,0.9719284248292871,0.9802118872328964,0.9754942361771068,0.9771063418476024,0.9981015824104709,_relu_leaky,type2_BERT_Embeddings_Train,1603043471.5770164,train,1603046271.294621
79,20000,0.0018984175895291656,0.9598348382335105,0.9719675413636841,0.9687542399287584,0.970358230474575,0.9598348382335105,0.9410896827905997,0.9837392440892014,0.9598348382335105,0.9673704462336015,0.9831267839722513,0.9753044557582132,0.9770372897179483,0.9981015824104709,_biploar_step,type2_BERT_Embeddings_Train,1603046271.2955866,train,1603046779.6876743
80,100,0.041997093823900926,0.08405478554099201,0.1820633850303439,0.09444088086471376,0.1243686161572855,0.08405478554099201,0.03169251517194875,0.05510908399730695,0.08405478554099201,0.00939535652803015,0.5733113673805601,0.012084464428574065,0.13599062133645956,0.9580029061760991,_bipolar_sigmoid,type1_BERT_Embeddings_Test,1603046780.3818188,test,1603046783.3000147
81,100,0.041840388249931144,0.09334476533541429,0.1957181389076197,0.10438255874003163,0.13615136713211282,0.09334476533541429,0.038772757923128794,0.0368041880831131,0.09334476533541429,0.010185687911217437,0.5836637589214909,0.013315609705902523,0.14314888651171837,0.9581596117500688,_relu_leaky,type1_BERT_Embeddings_Test,1603046783.3000147,test,1603046787.2315714
82,100,0.042462461892053605,0.06972693270440287,0.1576477860193302,0.07844919773988437,0.10476493296753293,0.06972693270440287,0.024949426837491573,0.07776470254162547,0.06972693270440287,0.00845551413693559,0.5362318840579711,0.011577176156263433,0.11692672328658898,0.9575375381079464,_biploar_step,type1_BERT_Embeddings_Test,1603046787.2315714,test,1603046789.567257
83,100,0.04217279401289734,0.08763063170638241,0.18667235764192766,0.09927289481526716,0.12961575802262448,0.08763063170638241,0.03405259608900876,0.13330793078594205,0.08763063170638241,0.011363058832857618,0.5536938309215537,0.015600590404504623,0.14068698597000487,0.9578272059871027,_bipolar_sigmoid,type2_BERT_Embeddings_Test,1603046789.567257,test,1603046792.4273195
84,100,0.04163619613839477,0.09518574965552477,0.1971229489772983,0.10626151550202559,0.13808606406069762,0.09518574965552477,0.03978422117329737,0.06044115823675279,0.09518574965552477,0.010602188422425154,0.6001577287066246,0.01385732477260693,0.14791059280855198,0.9583638038616052,_relu_leaky,type2_BERT_Embeddings_Test,1603046792.4273195,test,1603046796.3707764
85,100,0.042433969969513645,0.07303696542780616,0.16260188317635405,0.0806133811384496,0.10778836286655923,0.07303696542780616,0.028658125421443022,0.1347638351536366,0.07303696542780616,0.00969946435915061,0.5379188712522046,0.014061708455975095,0.12012603387160299,0.9575660300304863,_biploar_step,type2_BERT_Embeddings_Test,1603046796.3707764,test,1603046798.629736
86,200,0.04180239901987787,0.09594772869781795,0.199763991908294,0.10732094939335828,0.13962821605860296,0.09594772869781795,0.03843560350640594,0.03846256662440043,0.09594772869781795,0.010796482884454586,0.5818997756170531,0.013898241266840541,0.15020754899121536,0.9581976009801222,_bipolar_sigmoid,type1_BERT_Embeddings_Test,1603046798.629736,test,1603046801.9859562
87,200,0.041621950177124785,0.10507046551084864,0.21917846707125194,0.11719563771545043,0.15272733457409518,0.10507046551084864,0.04416722859069454,0.043709122289371675,0.10507046551084864,0.012113892073581229,0.5905567300916138,0.015846508933701986,0.16052102289052772,0.9583780498228752,_relu_leaky,type1_BERT_Embeddings_Test,1603046801.9859562,test,1603046807.5021806
88,200,0.041921115363794365,0.0867433364017197,0.19141942009440324,0.09862916717613075,0.1301818992666879,0.0867433364017197,0.02899527983816588,0.08138327398300912,0.0867433364017197,0.011101038807981184,0.5735963581183612,0.014708052257566334,0.14622823984526112,0.9580788846362056,_biploar_step,type1_BERT_Embeddings_Test,1603046807.5021806,test,1603046809.7871177
89,200,0.04160295556209814,0.10523730464133463,0.22398291750955268,0.1166678975368634,0.15342171464613463,0.10523730464133463,0.041807147673634526,0.03618495711091969,0.10523730464133463,0.012234776187167314,0.5905621096460791,0.015896158586101404,0.16266845073114786,0.9583970444379019,_bipolar_sigmoid,type2_BERT_Embeddings_Test,1603046809.7871177,test,1603046813.1510777
90,200,0.04158396094707151,0.11945638116109325,0.24558744625468576,0.13166994586117173,0.17142930226590344,0.11945638116109325,0.05057316250842886,0.15919129789258632,0.11945638116109325,0.015200104854897815,0.5818406423718344,0.02060420350528967,0.17705102903862419,0.9584160390529285,_relu_leaky,type2_BERT_Embeddings_Test,1603046813.1510777,test,1603046818.8040087
91,200,0.041887874787497746,0.09678414517249749,0.20655895015301626,0.10632962890881063,0.14039078437071217,0.09678414517249749,0.04012137559002023,0.09859185508185893,0.09678414517249749,0.011769006678399157,0.5752808988764045,0.016139777796853366,0.14830549386888095,0.9581121252125022,_biploar_step,type2_BERT_Embeddings_Test,1603046818.8040087,test,1603046821.091027
92,300,0.041897372095011064,0.10153374987301643,0.20937289278489551,0.11498515293163458,0.1484456723953127,0.10153374987301643,0.04079568442346595,0.06032352038992169,0.10153374987301643,0.011748610648596988,0.5681973954763536,0.014995094612787618,0.15819101230798588,0.9581026279049889,_bipolar_sigmoid,type1_BERT_Embeddings_Test,1603046821.091027,test,1603046825.136244
93,300,0.041650442099664745,0.11315091118252432,0.23456314420576055,0.12454844185338804,0.16270415804544483,0.11315091118252432,0.050910316925151716,0.15915305643696093,0.11315091118252432,0.014779052060669429,0.5822950819672131,0.02059957838170864,0.16838911538826207,0.9583495579003353,_relu_leaky,type1_BERT_Embeddings_Test,1603046825.136244,test,1603046832.4927745
94,300,0.04214905074411404,0.09659098949785555,0.20341649808945828,0.10807155209102773,0.14115171774141178,0.09659098949785555,0.03910991233985165,0.0718422539615607,0.09659098949785555,0.011341451674254321,0.5516997167138811,0.014935658216048166,0.1493195322982557,0.957850949255886,_biploar_step,type1_BERT_Embeddings_Test,1603046832.4927745,test,1603046834.9332488
95,300,0.04169317998347469,0.1130985940533359,0.23506405933917732,0.12451265014035223,0.16279390855672876,0.1130985940533359,0.04720161834120027,0.07189057961365414,0.1130985940533359,0.012981751927364641,0.5790849673202615,0.01673196067876125,0.16793025018953756,0.9583068200165253,_bipolar_sigmoid,type2_BERT_Embeddings_Test,1603046834.9332488,test,1603046838.8822987
96,300,0.04147474191066833,0.12001132585500503,0.24336929647111716,0.13181250886320087,0.17100572091732935,0.12001132585500503,0.053270397842211735,0.06607297838896792,0.12001132585500503,0.014094747071231081,0.5917197452229299,0.018588293704895394,0.1754154078549849,0.9585252580893316,_relu_leaky,type2_BERT_Embeddings_Test,1603046838.8822987,test,1603046846.3231223
97,300,0.041835639596174486,0.10657385534993527,0.21892560125870983,0.1183059130951419,0.15360482075016244,0.10657385534993527,0.044504383007417395,0.046292852533455095,0.10657385534993527,0.011912484090729113,0.5728021978021978,0.01542162173834419,0.15919068524527583,0.9581643604038255,_biploar_step,type2_BERT_Embeddings_Test,1603046846.3231223,test,1603046848.7975044
98,400,0.041731169213527965,0.11053967460025325,0.22560446970426745,0.12375654127295264,0.1598348298124159,0.11053967460025325,0.04720161834120027,0.06283924100446447,0.11053967460025325,0.01289126783812151,0.5767716535433071,0.01689089539996572,0.16669827422719513,0.9582688307864721,_bipolar_sigmoid,type1_BERT_Embeddings_Test,1603046848.7975044,test,1603046853.3832443
99,400,0.04152222844823492,0.12090717338228336,0.24820184311081145,0.13382890704595501,0.17389480494269666,0.12090717338228336,0.051921780175320294,0.07430741003291412,0.12090717338228336,0.014501086642632199,0.5855911330049262,0.019018835618061506,0.17865865113657714,0.9584777715517651,_relu_leaky,type1_BERT_Embeddings_Test,1603046853.3832443,test,1603046862.327292
100,400,0.042329499586867124,0.09698724076376682,0.2031495841762194,0.10795647822069819,0.1409893043593818,0.09698724076376682,0.041132838840188805,0.04289480581600287,0.09698724076376682,0.011129887692049277,0.5376044568245125,0.014597347436369739,0.1476381717345573,0.9576705004131328,_biploar_step,type1_BERT_Embeddings_Test,1603046862.327292,test,1603046864.7433288
101,400,0.04174066652104128,0.11550861278796963,0.2436892526069869,0.1289328796448703,0.1686403160609279,0.11550861278796963,0.04720161834120027,0.06944272545039962,0.11550861278796963,0.014523010144586766,0.5711656441717792,0.019334539595317835,0.1748028539241457,0.9582593334789588,_bipolar_sigmoid,type2_BERT_Embeddings_Test,1603046864.7433288,test,1603046869.386816
102,400,0.041569714985801524,0.12934191743144166,0.2639525736120476,0.14377850982111007,0.18615557772949926,0.12934191743144166,0.05428186109238031,0.07497299711868353,0.12934191743144166,0.015708807840449462,0.5757062146892655,0.020397400439385153,0.18884358784284655,0.9584302850141985,_relu_leaky,type2_BERT_Embeddings_Test,1603046869.386816,test,1603046878.4742339
103,400,0.0418213936349045,0.11748270005746886,0.23842245209298765,0.13131685898137035,0.16935655247754214,0.11748270005746886,0.05225893459204316,0.11505949099200363,0.11748270005746886,0.014356397269422814,0.5667287399130975,0.019227737972596293,0.17172952130160818,0.9581786063650954,_biploar_step,type2_BERT_Embeddings_Test,1603046878.4742339,test,1603046880.9366846
104,500,0.041897372095011064,0.11677462190659749,0.23737918633400765,0.13008302093721155,0.16806627214947065,0.11677462190659749,0.049224544841537425,0.10171693631567093,0.11677462190659749,0.014505198731006915,0.5603395997574288,0.019380924087613494,0.17317964576890638,0.9581026279049889,_bipolar_sigmoid,type1_BERT_Embeddings_Test,1603046880.9366846,test,1603046886.0969458
105,500,0.04187362882622776,0.12464466815761618,0.24880390456924506,0.13970567511655718,0.17893673297627619,0.12464466815761618,0.054956169925826026,0.09153595645084825,0.12464466815761618,0.015825174805713185,0.5576271186440678,0.021161242852264152,0.18291326908821348,0.9581263711737722,_relu_leaky,type1_BERT_Embeddings_Test,1603046886.0969458,test,1603046896.9041183
106,500,0.042187039974167326,0.10796719273628881,0.22458530006743088,0.12170380126926873,0.15786165156165116,0.10796719273628881,0.04383007417397168,0.1172658933601088,0.10796719273628881,0.014264337986086253,0.5424876847290641,0.019449115610251793,0.1655081720834116,0.9578129600258327,_biploar_step,type1_BERT_Embeddings_Test,1603046896.9041183,test,1603046899.4114153
107,500,0.04142250671934507,0.1299826594467325,0.25963980669813436,0.14351031988100116,0.18484921252171055,0.1299826594467325,0.056641942009440324,0.07884656417077501,0.1299826594467325,0.015630609276425032,0.5867672663958212,0.02053573100381635,0.1881805490926012,0.9585774932806549,_bipolar_sigmoid,type2_BERT_Embeddings_Test,1603046899.4114153,test,1603046904.4463537
108,500,0.041545971717018224,0.13449039205679303,0.2710432954869907,0.14844447068649777,0.19182861468742005,0.13449039205679303,0.05799055967633176,0.12627728745981423,0.13449039205679303,0.0173300418997042,0.5747126436781609,0.023493577689788745,0.1935662273020555,0.9584540282829818,_relu_leaky,type2_BERT_Embeddings_Test,1603046904.4463537,test,1603046916.3126738
109,500,0.041650442099664745,0.11683318001418228,0.24492582602832094,0.1308758074249823,0.17059460304166219,0.11683318001418228,0.04720161834120027,0.05754617394146244,0.11683318001418228,0.01389086150628177,0.5772307692307692,0.017964764257739515,0.1761998685075608,0.9583495579003353,_biploar_step,type2_BERT_Embeddings_Test,1603046916.3126738,test,1603046918.7927716
110,1000,0.0425574349671868,0.13442189454470785,0.2694000256879555,0.1513727033448086,0.19383295235548084,0.13442189454470785,0.05832771409305462,0.1006545154297758,0.13442189454470785,0.018705144923729624,0.5143540669856459,0.025364994419071904,0.19348452123830095,0.9574425650328132,_bipolar_sigmoid,type1_BERT_Embeddings_Test,1603046918.7927716,test,1603046927.3319156
111,1000,0.04220603458919396,0.14201845448721795,0.28273207462351096,0.1591005398177861,0.20361930842649326,0.14201845448721795,0.06136210384356035,0.11034406987053955,0.14201845448721795,0.02068726102396052,0.5307057745187901,0.028102582993289466,0.2067118886112103,0.9577939654108061,_relu_leaky,type1_BERT_Embeddings_Test,1603046927.3319156,test,1603046947.0310874
112,1000,0.04276637573247984,0.12465732012358458,0.2546377463100323,0.14213723569014897,0.18243844498674003,0.12465732012358458,0.05225893459204316,0.06848376809610149,0.12465732012358458,0.01649653152122077,0.5039254170755643,0.02167091395401661,0.18571428571428572,0.9572336242675201,_biploar_step,type1_BERT_Embeddings_Test,1603046947.032133,test,1603046949.7967298
113,1000,0.042191788627923985,0.14593332867226186,0.29304899977523047,0.16726045906041712,0.21296764291390327,0.14593332867226186,0.059002022926500336,0.10463956988658907,0.14593332867226186,0.020482476489192505,0.5312072892938496,0.027540524462024867,0.20789872514932692,0.9578082113720761,_bipolar_sigmoid,type2_BERT_Embeddings_Test,1603046949.7967298,test,1603046957.8621247
114,1000,0.04231050497184048,0.1408539431912162,0.2868617479583428,0.1603517276556819,0.20571283913255373,0.1408539431912162,0.055967633175994604,0.11523337670545258,0.1408539431912162,0.020977363446349758,0.5252252252252252,0.02854037563175029,0.20743639921722115,0.9576894950281595,_relu_leaky,type2_BERT_Embeddings_Test,1603046957.8621247,test,1603046977.0767813
115,1000,0.042130056129087406,0.14031308283891472,0.28345987186442173,0.15704730575992112,0.2021152500054059,0.14031308283891472,0.060687795010114634,0.10479055827773813,0.14031308283891472,0.018750386920575353,0.5362669245647969,0.02521897909141308,0.2,0.9578699438709126,_biploar_step,type2_BERT_Embeddings_Test,1603046977.0767813,test,1603046979.9017615
116,2000,0.04505997549694662,0.14247199728730262,0.2795343245950125,0.17327294560868162,0.2139353274938473,0.14247199728730262,0.04888739042481457,0.11050704467697182,0.14247199728730262,0.027636160696003505,0.4245069511800841,0.037347044494967035,0.21675608749484113,0.9549400245030534,_bipolar_sigmoid,type1_BERT_Embeddings_Test,1603046979.9017615,test,1603046993.9303527
117,2000,0.045178691840863115,0.15516000468148775,0.29383314669895955,0.19174661816638533,0.23205873169091726,0.15516000468148775,0.054956169925826026,0.13932754903498398,0.15516000468148775,0.03147803597028475,0.426037282020445,0.04256867816341635,0.22951085195983156,0.9548213081591369,_relu_leaky,type1_BERT_Embeddings_Test,1603046993.9303527,test,1603047030.8479023
118,2000,0.04486528069292356,0.13698175293188355,0.2664424078955435,0.1671507384710448,0.20542780997783447,0.13698175293188355,0.05057316250842886,0.1672735897242346,0.13698175293188355,0.02537470354750645,0.4253155680224404,0.035251052954182904,0.20431194205827863,0.9551347193070765,_biploar_step,type1_BERT_Embeddings_Test,1603047030.8479023,test,1603047034.1894684
119,2000,0.0448130455016003,0.15343460431938644,0.3014808157677342,0.18851430415802098,0.23197556012418422,0.15343460431938644,0.05124747134187458,0.11424150616737179,0.15343460431938644,0.028204191517927944,0.43423137876386686,0.037602379605652846,0.2250143713558347,0.9551869544983997,_bipolar_sigmoid,type2_BERT_Embeddings_Test,1603047034.1904638,test,1603047047.8320205
120,2000,0.04406275820804802,0.16635805800376763,0.31965017581902583,0.20435410808214333,0.24931791050058466,0.16635805800376763,0.06136210384356035,0.15366844814812022,0.16635805800376763,0.03159223217444819,0.4597809076682316,0.042800616441073164,0.24048457068019968,0.9559372417919519,_relu_leaky,type2_BERT_Embeddings_Test,1603047047.832986,test,1603047083.9897292
121,2000,0.044447399162337475,0.1475454457089455,0.28951709113543234,0.18138324661072638,0.22303466670158123,0.1475454457089455,0.04787592717464599,0.12224016966470228,0.1475454457089455,0.026918444425277552,0.44355377421509684,0.03612498157294727,0.22103861517976034,0.9555526008376625,_biploar_step,type2_BERT_Embeddings_Test,1603047083.9897292,test,1603047087.3427973
122,3000,0.048953871577407805,0.15352106702044147,0.2889663856102119,0.20898492332439803,0.24255230122513372,0.15352106702044147,0.04349291975724882,0.12306317843815627,0.15352106702044147,0.03784641431432483,0.3551654287643484,0.04878978510051752,0.2343854437430375,0.9510461284225922,_bipolar_sigmoid,type1_BERT_Embeddings_Test,1603047087.3427973,test,1603047107.2834785
123,3000,0.04837928447285195,0.15949731937673584,0.297922032651665,0.21080602951735586,0.24690503818981974,0.15949731937673584,0.04956169925826028,0.13565750162308474,0.15949731937673584,0.040032622842785304,0.36622303809086737,0.0524161780708328,0.23856502242152466,0.9516207155271481,_relu_leaky,type1_BERT_Embeddings_Test,1603047107.2844758,test,1603047164.2222338
124,3000,0.048255819475178784,0.15385706855253853,0.28732841248434693,0.20118002807553,0.23665809345790903,0.15385706855253853,0.048550236008091704,0.13171833210354236,0.15385706855253853,0.034738522858781845,0.3624517374517375,0.0449712416883959,0.22816345131399057,0.9517441805248212,_biploar_step,type1_BERT_Embeddings_Test,1603047164.2222338,test,1603047168.1153333
125,3000,0.048578727930631664,0.15337517943875892,0.29384706942866096,0.20526459107708384,0.2416950086253467,0.15337517943875892,0.045853000674308836,0.1100235694364704,0.15337517943875892,0.0357600585719211,0.35687203791469196,0.04632070093394154,0.2274580879021296,0.9514212720693683,_bipolar_sigmoid,type2_BERT_Embeddings_Test,1603047168.1163363,test,1603047187.6929848
126,3000,0.04862146581444161,0.16286343712350418,0.3072024557512047,0.21715474739849022,0.2544466683327092,0.16286343712350418,0.04888739042481457,0.12895026811263433,0.16286343712350418,0.039125385542071435,0.3622991627064947,0.05056095666416288,0.23822632244624659,0.9513785341855584,_relu_leaky,type2_BERT_Embeddings_Test,1603047187.693983,test,1603047240.7750309
127,3000,0.04812285716999231,0.1508507291588086,0.28659590789741307,0.2002251226917545,0.23574865182905747,0.1508507291588086,0.04383007417397168,0.12129589202589496,0.1508507291588086,0.0333509571857036,0.3627838104639684,0.04295629772358921,0.22487379531895366,0.9518771428300077,_biploar_step,type2_BERT_Embeddings_Test,1603047240.7750309,test,1603047244.6676228
128,4000,0.053113692268241953,0.15043917460705047,0.27517271374950103,0.22284280955669467,0.24625843081432336,0.15043917460705047,0.033715441672285906,0.12573810223755932,0.15043917460705047,0.04706875142566294,0.30677148472395926,0.058290703301987996,0.23489978794719202,0.9468863077317581,_bipolar_sigmoid,type1_BERT_Embeddings_Test,1603047244.6676228,test,1603047270.2885015
129,4000,0.05304246246189205,0.160899900104379,0.28687779310672146,0.2353778823677877,0.2585886209027909,0.160899900104379,0.04045853000674309,0.10598317358913517,0.160899900104379,0.050356394942726916,0.31399376515413924,0.06097670484411318,0.245066234117329,0.946957537538108,_relu_leaky,type1_BERT_Embeddings_Test,1603047270.2885015,test,1603047340.121301
130,4000,0.052705308045169194,0.14684241631050265,0.2726533510388698,0.21369232632074256,0.23959883504654153,0.14684241631050265,0.035401213755900204,0.10570073115257651,0.14684241631050265,0.04278485123545535,0.3082887206941111,0.05233972045025364,0.231317958307362,0.9472946919548308,_biploar_step,type1_BERT_Embeddings_Test,1603047340.121301,test,1603047344.5634658
131,4000,0.05376900648666103,0.15550062384449906,0.2841369760081834,0.2309024067418221,0.25476852373628395,0.15550062384449906,0.034726904922454484,0.10663420161928136,0.15550062384449906,0.04663152841068079,0.30180878552971574,0.05570781640250192,0.23632562217576045,0.946230993513339,_bipolar_sigmoid,type2_BERT_Embeddings_Test,1603047344.5634658,test,1603047370.0274181
132,4000,0.05383073898549761,0.16042676162418357,0.2886028297019534,0.24120785216462728,0.2627854479482625,0.16042676162418357,0.03641267700606878,0.08714017506976336,0.16042676162418357,0.049738168257287295,0.30658642594450014,0.058503827784040806,0.24446814182884563,0.9461692610145024,_relu_leaky,type2_BERT_Embeddings_Test,1603047370.0274181,test,1603047444.3407135
133,4000,0.052648324200089275,0.15500503176388397,0.28357475978554114,0.230020391906077,0.2540054249566092,0.15500503176388397,0.03202966958867161,0.09819266905394472,0.15500503176388397,0.044934341794413135,0.31393043791674174,0.05415654006966698,0.23910507171779563,0.9473516757999108,_biploar_step,type2_BERT_Embeddings_Test,1603047444.3417113,test,1603047448.7857041
134,5000,0.06009896194428879,0.14287762008868674,0.2530453661797499,0.2452803790002834,0.24910237498731352,0.14287762008868674,0.019892110586648686,0.09140082440189304,0.14287762008868674,0.05703017121285278,0.2563036480686695,0.06330316324544896,0.23194562446898895,0.9399010380557112,_bipolar_sigmoid,type1_BERT_Embeddings_Test,1603047448.7857041,test,1603047480.5184586
135,5000,0.060844500584084416,0.1529340321931209,0.26417005666435256,0.25554188835593816,0.2597843508271423,0.1529340321931209,0.028658125421443022,0.08810933777774489,0.1529340321931209,0.06145126583926491,0.2576396880194349,0.06683736149028785,0.23926853885887314,0.9391554994159156,_relu_leaky,type1_BERT_Embeddings_Test,1603047480.5184586,test,1603047573.3711884
136,5000,0.060174940404395354,0.14440410822629585,0.25515996911915434,0.24262682414853085,0.2487356185198196,0.14440410822629585,0.023937963587322995,0.10287261140290323,0.14440410822629585,0.05682078838258976,0.25542749932993836,0.06381318423702262,0.23125454986653726,0.9398250595956047,_biploar_step,type1_BERT_Embeddings_Test,1603047573.3711884,test,1603047578.4825222
137,5000,0.06053108943614485,0.14972526417902232,0.2654390341870515,0.2543166683569189,0.25975884630383017,0.14972526417902232,0.022589345920431558,0.08740527745006745,0.14972526417902232,0.0606420761785106,0.25970842471939104,0.06587539032631838,0.24002861742085496,0.9394689105638552,_bipolar_sigmoid,type2_BERT_Embeddings_Test,1603047578.4825222,test,1603047610.0590577
138,5000,0.06096796558175757,0.15567006378480314,0.27260361416335066,0.262185640622385,0.26729315361443173,0.15567006378480314,0.024949426837491573,0.09040545255670183,0.15567006378480314,0.0635480392441923,0.25826472450918303,0.06926261439234789,0.24105928947212862,0.9390320344182425,_relu_leaky,type2_BERT_Embeddings_Test,1603047610.060055,test,1603047699.9447498
139,5000,0.05921096369179338,0.14723812482017368,0.2605403471622589,0.25209301747221735,0.2562470834734883,0.14723812482017368,0.020566419420094403,0.09375322826632905,0.14723812482017368,0.058976454385665754,0.2657969832857725,0.06629247170092258,0.23881325926378122,0.9407890363082066,_biploar_step,type2_BERT_Embeddings_Test,1603047699.9447498,test,1603047704.93644
140,10000,0.19138974100842412,0.08484536616186288,0.10841819499510287,0.37980190933663627,0.16868390752705378,0.08484536616186288,0.0070802427511800405,0.04819513840483824,0.08484536616186288,0.20963032230703404,0.08676354029062087,0.07185447876334315,0.140126301416624,0.8086102589915759,_bipolar_sigmoid,type1_BERT_Embeddings_Test,1603047704.93644,test,1603047765.0475214
141,10000,0.19445737133522648,0.08660477542631795,0.11126719670546491,0.39830641215205476,0.17394322288131842,0.08660477542631795,0.0064059339177343225,0.05029477287292202,0.08660477542631795,0.23357925364738363,0.08777049011000361,0.07573301583899211,0.1423724553908017,0.8055426286647736,_relu_leaky,type1_BERT_Embeddings_Test,1603047765.0475214,test,1603047936.598885
142,10000,0.19231097983721615,0.08268568477318416,0.10489851206115056,0.3804809794060516,0.16445642763611074,0.08268568477318416,0.0070802427511800405,0.04725637169313444,0.08268568477318416,0.20758769429341592,0.08492457010233147,0.07046948432826157,0.1372022668200605,0.8076890201627839,_biploar_step,type1_BERT_Embeddings_Test,1603047936.599883,test,1603047944.3974824
143,10000,0.20259656387414168,0.08172870785128149,0.1032164769691802,0.3844260574616375,0.16273848364214488,0.08172870785128149,0.006743088334457181,0.04820837537307428,0.08172870785128149,0.22605763128214001,0.08258474365973498,0.07246772693727922,0.13495539334955395,0.7974034361258583,_bipolar_sigmoid,type2_BERT_Embeddings_Test,1603047944.398478,test,1603048005.3256764
144,10000,0.20853712972372332,0.0837374050864406,0.10603347324147165,0.4013671746380191,0.16775049755984237,0.0837374050864406,0.0064059339177343225,0.04863086150219077,0.0837374050864406,0.23596283717713526,0.08238983172559064,0.07341348598298206,0.13551447863146912,0.7914628702762767,_relu_leaky,type2_BERT_Embeddings_Test,1603048005.3256764,test,1603048178.9158452
145,10000,0.20872232722023307,0.07970605805689059,0.10032592220717355,0.38819145491307483,0.15944434131157714,0.07970605805689059,0.006068779501011463,0.04764279361997984,0.07970605805689059,0.23229086982986352,0.08064825930372149,0.07191561422960938,0.13257814966845596,0.7912776727797669,_biploar_step,type2_BERT_Embeddings_Test,1603048178.9158452,test,1603048186.7170124
146,15000,0.07477230205236815,0.13643070228303986,0.21517549001534175,0.28340848358623383,0.24462302263612146,0.13643070228303986,0.014160485502360081,0.10336867834025067,0.13643070228303986,0.08046361367494972,0.2028985507246377,0.07412218759863778,0.2257842462385682,0.9252276979476318,_bipolar_sigmoid,type1_BERT_Embeddings_Test,1603048186.7170124,test,1603048276.7803252
147,15000,0.08238439402429411,0.13478585709533336,0.20504775091577698,0.30641222195008233,0.24568545065968814,0.13478585709533336,0.011463250168577209,0.08765947308890526,0.13478585709533336,0.09535556615680812,0.1854174537211938,0.0802283215982618,0.22051489419059173,0.9176156059757059,_relu_leaky,type1_BERT_Embeddings_Test,1603048276.7803252,test,1603048540.626082
148,15000,0.07373234687965961,0.13632915918642793,0.21132109723647172,0.28071908622362857,0.24112610030683537,0.13632915918642793,0.01449763991908294,0.09446577167914127,0.13632915918642793,0.08354139615155783,0.20669131571827937,0.07590404966032487,0.22793496096663515,0.9262676531203404,_biploar_step,type1_BERT_Embeddings_Test,1603048540.626082,test,1603048550.9565084
149,15000,0.07708489643186156,0.13344277854940748,0.20911113405213191,0.29034263164875856,0.24312111004930223,0.13344277854940748,0.013149022252191504,0.08725421613431827,0.13344277854940748,0.08902212566399172,0.19678748633420234,0.07926686564605681,0.22378424903170277,0.9229151035681384,_bipolar_sigmoid,type2_BERT_Embeddings_Test,1603048550.957458,test,1603048644.991825
150,15000,0.08512436724188692,0.13259066230902353,0.19902101596547855,0.31153360299962995,0.24287992654752436,0.13259066230902353,0.010451786918408631,0.07848031461476482,0.13259066230902353,0.10177987232224689,0.1827704147071398,0.08134028479734853,0.22250173490631509,0.9148756327581131,_relu_leaky,type2_BERT_Embeddings_Test,1603048644.991825,test,1603048913.6511085
151,15000,0.07845725736753631,0.13090283210149153,0.2081906473914446,0.2943510766522056,0.2438847891693411,0.13090283210149153,0.008766014834794335,0.09631994464900591,0.13090283210149153,0.08746788205230285,0.19242125984251968,0.07735419467359246,0.22117469595550107,0.9215427426324637,_biploar_step,type2_BERT_Embeddings_Test,1603048913.6521058,test,1603048924.913976
152,20000,0.05972381829751266,0.15525971886191572,0.26684332281938566,0.26736855260614734,0.26710567951340636,0.15525971886191572,0.025960890087660147,0.15296542372587402,0.15525971886191572,0.06371545564260295,0.2692457484097105,0.07137343015229024,0.2480119581464873,0.9402761817024874,_bipolar_sigmoid,type1_BERT_Embeddings_Test,1603048924.913976,test,1603049042.14916
153,20000,0.06618673606032689,0.1440636696415205,0.23565661865117155,0.26883225305912856,0.25115360632442213,0.1440636696415205,0.020566419420094403,0.12953107952722354,0.1440636696415205,0.0766731765733271,0.23427027027027028,0.08132570294148732,0.23719352014010509,0.9338132639396731,_relu_leaky,type1_BERT_Embeddings_Test,1603049042.14916,test,1603049398.2551332
154,20000,0.05953387214724626,0.14637772317083877,0.25159091395605304,0.25483755154558585,0.2532038258954037,0.14637772317083877,0.01921780175320297,0.12659967394480515,0.14637772317083877,0.05936158214405664,0.2667551426675514,0.06562292680289487,0.24279760826236638,0.9404661278527537,_biploar_step,type1_BERT_Embeddings_Test,1603049398.2561662,test,1603049410.787621
155,20000,0.06124338749964385,0.1508618191375061,0.2602807397143211,0.2630480803017102,0.2616570932182329,0.1508618191375061,0.020903573836817263,0.11596379125991643,0.1508618191375061,0.06281948510488057,0.2585067929702106,0.0677714950285249,0.24335582282194193,0.9387566125003561,_bipolar_sigmoid,type2_BERT_Embeddings_Test,1603049410.787621,test,1603049531.2577877
156,20000,0.06743088334457181,0.15186503717873365,0.24748773174480088,0.2910559579116964,0.2675095083940956,0.15186503717873365,0.017194875252865813,0.1013788659568004,0.15186503717873365,0.07747640313005726,0.2347879532882606,0.07651682595588943,0.24403747870528109,0.9325691166554282,_relu_leaky,type2_BERT_Embeddings_Test,1603049531.2587848,test,1603049890.6500902
157,20000,0.060089464636775475,0.15114448898148639,0.2599250500379974,0.2632573371509257,0.26158058148511415,0.15114448898148639,0.019892110586648686,0.11237419335047975,0.15114448898148639,0.06288176662197538,0.2671794871794872,0.06835592035591292,0.24777077636428485,0.9399105353632246,_biploar_step,type2_BERT_Embeddings_Test,1603049890.6500902,test,1603049902.9139009
